[{"model": "foodcartapp.restaurant", "pk": 1, "fields": {"name": "Star Burger Арбат", "address": "Москва, ул. Новый Арбат, 15", "contact_phone": "+7 (967) 157-44-13"}}, {"model": "foodcartapp.restaurant", "pk": 2, "fields": {"name": "Star Burger Цветной", "address": "Москва, Цветной бульвар, 11с2", "contact_phone": "+7 (929) 949-55-36"}}, {"model": "foodcartapp.restaurant", "pk": 3, "fields": {"name": "Star Burger Европейский", "address": "Москва, пл. Киевского Вокзала, 2", "contact_phone": "+7 (929) 680-47-58"}}, {"model": "foodcartapp.productcategory", "pk": 1, "fields": {"name": "Бургер"}}, {"model": "foodcartapp.productcategory", "pk": 2, "fields": {"name": "Ролл"}}, {"model": "foodcartapp.product", "pk": 1, "fields": {"name": "Стейкхаус", "category": 1, "price": "269.00", "image": "steak_Jb9faVK.jpeg", "special_status": false, "description": "\"Стейкхаус – это сочетание нашей фирменной, приготовленной на огне 100% говядины с ломтиками бекона и соусом «Барбекю», майонезом, листьями свежего салата, помидором и хрустящим луком на воздушной бул"}}, {"model": "foodcartapp.product", "pk": 2, "fields": {"name": "Лонг Чизбургер", "category": 1, "price": "219.00", "image": "long_chiz_iwaKPIn.jpeg", "special_status": false, "description": "Лонг Чизбургер – эталон в коллекции чизбургеров! Два приготовленных на огне бифштекса с двумя ломтиками слегка расплавленного сыра, хрустящими огурчиками, рубленым луком, горчицей и кетчупом на длинн"}}, {"model": "foodcartapp.product", "pk": 3, "fields": {"name": "Тройной Воппер", "category": 1, "price": "369.00", "image": "triple_vopper_UYM75kY.jpeg", "special_status": false, "description": "ВОППЕР® — это вкуснейшая приготовленная на огне 100% говядина с сочными помидорами, свежим нарезанным листовым салатом, густым майонезом, хрустящими маринованными огурчиками и свежим луком на нежной б"}}, {"model": "foodcartapp.product", "pk": 4, "fields": {"name": "Беконайзер", "category": 1, "price": "319.00", "image": "beconizer_m79gjnL.jpeg", "special_status": false, "description": "Встречай самый внушительный бургер в коллекции Бургер Кинг. Много мяса, много бекона и много сыра - все, как ты любишь, и ничего лишнего!\""}}, {"model": "foodcartapp.product", "pk": 5, "fields": {"name": "Фиш Ролл", "category": 2, "price": "199.00", "image": "fish_roll_wTutQWg.jpeg", "special_status": false, "description": "Наш новый ролл с аппетитной котлеткой из филе белой рыбы, с фирменным соусом, маринованными огурчиками и хрустящим салатом. Легкое рыбное удовольствие!\""}}, {"model": "foodcartapp.product", "pk": 6, "fields": {"name": "Шримп Ролл", "category": 2, "price": "209.00", "image": "shrimp_roll_Cfw708I.jpeg", "special_status": false, "description": "Легкий ролл с нежными королевскими креветками в хрустящей панировке, свежий салат Айсберг и ломтик сыра в пшеничной лепешке под фирменным соусом «Кинг». Внимание! Блюдо содержит аллергены – морепродук"}}, {"model": "foodcartapp.restaurantmenuitem", "pk": 1, "fields": {"restaurant": 1, "product": 1, "availability": true}}, {"model": "foodcartapp.restaurantmenuitem", "pk": 2, "fields": {"restaurant": 2, "product": 1, "availability": true}}, {"model": "foodcartapp.restaurantmenuitem", "pk": 3, "fields": {"restaurant": 3, "product": 1, "availability": true}}, {"model": "foodcartapp.restaurantmenuitem", "pk": 4, "fields": {"restaurant": 1, "product": 2, "availability": true}}, {"model": "foodcartapp.restaurantmenuitem", "pk": 5, "fields": {"restaurant": 2, "product": 2, "availability": true}}, {"model": "foodcartapp.restaurantmenuitem", "pk": 6, "fields": {"restaurant": 3, "product": 2, "availability": true}}, {"model": "foodcartapp.restaurantmenuitem", "pk": 7, "fields": {"restaurant": 1, "product": 3, "availability": true}}, {"model": "foodcartapp.restaurantmenuitem", "pk": 8, "fields": {"restaurant": 2, "product": 3, "availability": true}}, {"model": "foodcartapp.restaurantmenuitem", "pk": 9, "fields": {"restaurant": 3, "product": 3, "availability": true}}, {"model": "foodcartapp.restaurantmenuitem", "pk": 10, "fields": {"restaurant": 1, "product": 4, "availability": true}}, {"model": "foodcartapp.restaurantmenuitem", "pk": 11, "fields": {"restaurant": 2, "product": 4, "availability": true}}, {"model": "foodcartapp.restaurantmenuitem", "pk": 12, "fields": {"restaurant": 3, "product": 4, "availability": true}}, {"model": "foodcartapp.restaurantmenuitem", "pk": 13, "fields": {"restaurant": 1, "product": 5, "availability": true}}, {"model": "foodcartapp.restaurantmenuitem", "pk": 14, "fields": {"restaurant": 2, "product": 5, "availability": true}}, {"model": "foodcartapp.restaurantmenuitem", "pk": 15, "fields": {"restaurant": 3, "product": 5, "availability": true}}, {"model": "foodcartapp.restaurantmenuitem", "pk": 16, "fields": {"restaurant": 1, "product": 6, "availability": true}}, {"model": "foodcartapp.restaurantmenuitem", "pk": 17, "fields": {"restaurant": 2, "product": 6, "availability": true}}, {"model": "foodcartapp.restaurantmenuitem", "pk": 18, "fields": {"restaurant": 3, "product": 6, "availability": true}}, {"model": "foodcartapp.orderlist", "pk": 1, "fields": {"order": 1, "product": 1, "quantity": 1, "price": "269.00"}}, {"model": "foodcartapp.orderlist", "pk": 2, "fields": {"order": 2, "product": 1, "quantity": 1, "price": "269.00"}}, {"model": "foodcartapp.orderlist", "pk": 3, "fields": {"order": 3, "product": 1, "quantity": 1, "price": "500.00"}}, {"model": "foodcartapp.orderlist", "pk": 4, "fields": {"order": 4, "product": 1, "quantity": 10, "price": "2690.00"}}, {"model": "foodcartapp.orderlist", "pk": 5, "fields": {"order": 4, "product": 2, "quantity": 5, "price": "1095.00"}}, {"model": "foodcartapp.orderlist", "pk": 6, "fields": {"order": 5, "product": 2, "quantity": 4, "price": "876.00"}}, {"model": "foodcartapp.orderlist", "pk": 7, "fields": {"order": 5, "product": 6, "quantity": 3, "price": "627.00"}}, {"model": "foodcartapp.orderlist", "pk": 8, "fields": {"order": 6, "product": 3, "quantity": 2, "price": "738.00"}}, {"model": "foodcartapp.orderlist", "pk": 9, "fields": {"order": 6, "product": 6, "quantity": 1, "price": "209.00"}}, {"model": "foodcartapp.order", "pk": 1, "fields": {"status": "NEW", "firstname": "Василий", "lastname": "Васильевич", "phonenumber": "+79123456789", "address": "Лондон", "comment": "", "registered_at": "2023-11-07T06:06:23Z", "call_at": null, "delivered_at": null, "payment_method": "NOT_SET", "cooking_restaurant": null}}, {"model": "foodcartapp.order", "pk": 2, "fields": {"status": "NEW", "firstname": "Vasya", "lastname": "True", "phonenumber": "+79123456789", "address": "1", "comment": "", "registered_at": "2023-11-07T06:10:19Z", "call_at": null, "delivered_at": null, "payment_method": "NOT_SET", "cooking_restaurant": null}}, {"model": "foodcartapp.order", "pk": 3, "fields": {"status": "NEW", "firstname": "S", "lastname": "M", "phonenumber": "+79123456789", "address": "Izhevsk", "comment": "", "registered_at": "2023-11-07T06:25:47Z", "call_at": null, "delivered_at": null, "payment_method": "NOT_SET", "cooking_restaurant": null}}, {"model": "foodcartapp.order", "pk": 4, "fields": {"status": "NEW", "firstname": "Сергей", "lastname": "Марков", "phonenumber": "+79097150881", "address": "Казань, Баумана", "comment": "", "registered_at": "2023-11-08T10:12:01Z", "call_at": null, "delivered_at": null, "payment_method": "NOT_SET", "cooking_restaurant": null}}, {"model": "foodcartapp.order", "pk": 5, "fields": {"status": "NEW", "firstname": "Sergey Markov", "lastname": "V", "phonenumber": "+79097150881", "address": "Ижевск, Союзная, 5", "comment": "", "registered_at": "2023-11-30T18:11:55.027Z", "call_at": null, "delivered_at": null, "payment_method": "NOT_SET", "cooking_restaurant": null}}, {"model": "foodcartapp.order", "pk": 6, "fields": {"status": "NEW", "firstname": "Вано", "lastname": "Шалаев", "phonenumber": "+79997998811", "address": "Пермь", "comment": "", "registered_at": "2023-12-02T18:05:03.350Z", "call_at": null, "delivered_at": null, "payment_method": "NOT_SET", "cooking_restaurant": null}}, {"model": "coordinates.addresscoordinates", "pk": 1, "fields": {"address": "Лондон", "lon": 51.507351, "lat": -0.127696, "coordinates_date": "2023-11-07"}}, {"model": "coordinates.addresscoordinates", "pk": 2, "fields": {"address": "Москва, ул. Новый Арбат, 15", "lon": 55.752141, "lat": 37.59242, "coordinates_date": "2023-11-07"}}, {"model": "coordinates.addresscoordinates", "pk": 3, "fields": {"address": "Москва, Цветной бульвар, 11с2", "lon": 55.770076, "lat": 37.620429, "coordinates_date": "2023-11-07"}}, {"model": "coordinates.addresscoordinates", "pk": 4, "fields": {"address": "Москва, пл. Киевского Вокзала, 2", "lon": 55.744637, "lat": 37.566072, "coordinates_date": "2023-11-07"}}, {"model": "coordinates.addresscoordinates", "pk": 5, "fields": {"address": "1", "lon": null, "lat": null, "coordinates_date": "2023-11-07"}}, {"model": "coordinates.addresscoordinates", "pk": 6, "fields": {"address": "Izhevsk", "lon": 56.852676, "lat": 53.2069, "coordinates_date": "2023-11-07"}}, {"model": "coordinates.addresscoordinates", "pk": 7, "fields": {"address": "Казань, Баумана", "lon": 55.792392, "lat": 49.11148, "coordinates_date": "2023-11-08"}}, {"model": "coordinates.addresscoordinates", "pk": 8, "fields": {"address": "Ижевск, Союзная, 5", "lon": 56.844555, "lat": 53.298609, "coordinates_date": "2023-12-01"}}, {"model": "coordinates.addresscoordinates", "pk": 9, "fields": {"address": "Пермь", "lon": 58.010455, "lat": 56.229443, "coordinates_date": "2023-12-02"}}, {"model": "contenttypes.contenttype", "pk": 1, "fields": {"app_label": "foodcartapp", "model": "product"}}, {"model": "contenttypes.contenttype", "pk": 2, "fields": {"app_label": "foodcartapp", "model": "restaurant"}}, {"model": "contenttypes.contenttype", "pk": 3, "fields": {"app_label": "foodcartapp", "model": "restaurantmenuitem"}}, {"model": "contenttypes.contenttype", "pk": 4, "fields": {"app_label": "foodcartapp", "model": "productcategory"}}, {"model": "contenttypes.contenttype", "pk": 5, "fields": {"app_label": "foodcartapp", "model": "order"}}, {"model": "contenttypes.contenttype", "pk": 6, "fields": {"app_label": "foodcartapp", "model": "customer"}}, {"model": "contenttypes.contenttype", "pk": 7, "fields": {"app_label": "admin", "model": "logentry"}}, {"model": "contenttypes.contenttype", "pk": 8, "fields": {"app_label": "auth", "model": "permission"}}, {"model": "contenttypes.contenttype", "pk": 9, "fields": {"app_label": "auth", "model": "group"}}, {"model": "contenttypes.contenttype", "pk": 10, "fields": {"app_label": "auth", "model": "user"}}, {"model": "contenttypes.contenttype", "pk": 11, "fields": {"app_label": "contenttypes", "model": "contenttype"}}, {"model": "contenttypes.contenttype", "pk": 12, "fields": {"app_label": "sessions", "model": "session"}}, {"model": "contenttypes.contenttype", "pk": 13, "fields": {"app_label": "foodcartapp", "model": "orderlist"}}, {"model": "contenttypes.contenttype", "pk": 14, "fields": {"app_label": "coordinates", "model": "addresscoordinates"}}, {"model": "sessions.session", "pk": "5h1s0ozckym0wn264f36vrn51hzw65xa", "fields": {"session_data": ".eJxVjMEOwiAQRP-FsyHQAks8evcbyO6ylaqhSWlPxn9Xkh70NMm8N_NSCfetpL3Jmuaszsqq029HyA-pHeQ71tuieanbOpPuij5o09cly_NyuH8HBVvp6yEI28kIMDCRBIoeIoMH50dHdorfsAFiGDyACOIoYMh4FzmQQ_X-AOjoN7A:1qiTVN:BA94apnCpP3hK9ItRny8ApbVZSKDoPPfGvZWyj8liFQ", "expire_date": "2023-10-03T05:42:37.552Z"}}, {"model": "sessions.session", "pk": "7pf1l27kum5sir4h6cycsjzgt2eas767", "fields": {"session_data": ".eJxVjEEOwiAQRe_C2hAoMIBL956BDJ1RqgaS0q6Md7dNutDtf-_9t0i4LiWtnec0kTgLLU6_W8bxyXUH9MB6b3JsdZmnLHdFHrTLayN-XQ7376BgL1vNWTFpoOAIBxWjAcUeAmhtyCsMGTiaG7tMQYEGa_OAG1LOeyRrtfh8AdgpNzo:1r0fXi:mBE5nY6tWD2oYarW3Qt61Jg60dT2EblshGCCFgAEoew", "expire_date": "2023-11-22T10:12:14.835Z"}}, {"model": "sessions.session", "pk": "8gu094g2lsqcthxyt5cvkqzh90ss7q0l", "fields": {"session_data": ".eJxVjMEOwiAQRP-FsyHQAks8evcbyO6ylaqhSWlPxn9Xkh70NMm8N_NSCfetpL3Jmuaszsqq029HyA-pHeQ71tuieanbOpPuij5o09cly_NyuH8HBVvp6yEI28kIMDCRBIoeIoMH50dHdorfsAFiGDyACOIoYMh4FzmQQ_X-AOjoN7A:1qrexQ:ubg1zD1W3IrMY7AN-Z8_AKLPrd3zHhfLw5HkFC1Z9Vg", "expire_date": "2023-10-28T13:45:32.860Z"}}, {"model": "sessions.session", "pk": "chms6juiatzt3z05k6fxl9xr7grzg1t1", "fields": {"session_data": ".eJxVjMEOwiAQRP-FsyHQAks8evcbyO6ylaqhSWlPxn9Xkh70NMm8N_NSCfetpL3Jmuaszsqq029HyA-pHeQ71tuieanbOpPuij5o09cly_NyuH8HBVvp6yEI28kIMDCRBIoeIoMH50dHdorfsAFiGDyACOIoYMh4FzmQQ_X-AOjoN7A:1qh5d7:SVxy_NltQLg3v_BjKZqCPpuU8Ko0BGIhWs_pUFuNVt4", "expire_date": "2023-09-29T10:00:53.831Z"}}, {"model": "sessions.session", "pk": "fawjn8am5gjsc4ye56letx842wzzf2dj", "fields": {"session_data": ".eJxVjMEOwiAQRP-FsyHQAks8evcbyO6ylaqhSWlPxn9Xkh70NMm8N_NSCfetpL3Jmuaszsqq029HyA-pHeQ71tuieanbOpPuij5o09cly_NyuH8HBVvp6yEI28kIMDCRBIoeIoMH50dHdorfsAFiGDyACOIoYMh4FzmQQ_X-AOjoN7A:1qz8AQ:MHCJsTbDSdX1JaEy2enEs8-MIjuGvFSQWRww3oSh6S0", "expire_date": "2023-11-18T04:21:50.244Z"}}, {"model": "sessions.session", "pk": "qdyx71ragenbci94fldscw9m7liznd9t", "fields": {"session_data": ".eJxVjMEOwiAQRP-FsyHQAks8evcbyO6ylaqhSWlPxn9Xkh70NMm8N_NSCfetpL3Jmuaszsqq029HyA-pHeQ71tuieanbOpPuij5o09cly_NyuH8HBVvp6yEI28kIMDCRBIoeIoMH50dHdorfsAFiGDyACOIoYMh4FzmQQ_X-AOjoN7A:1qsMZR:d_WpaFwb33mWhlOCiKLsSFuZ4dKdhi7Qdp4_i9Jotw8", "expire_date": "2023-10-30T12:19:41.544Z"}}, {"model": "sessions.session", "pk": "uge1sg750mmv603mc5lozjolpj7lj8ta", "fields": {"session_data": ".eJxVjDsOAiEUAO9CbUj4PrC09wyExwNZNZAsu5Xx7kqyhbYzk3mxEPethn3kNSzEzkyw0y_DmB65TUH32G6dp962dUE-E37Ywa-d8vNytH-DGkedW_BAnooyWVthAZWzyuckhAZlZCIjQQiF2iU08Zt4KdGRllCgECF7fwC4ijci:1r8lQp:sGCQ5jI3_L4qI2aQg5iZx3trEb6udc7Vved9cARfWv0", "expire_date": "2023-12-14T18:06:35.269Z"}}, {"model": "auth.permission", "pk": 1, "fields": {"name": "Can add товар", "content_type": ["foodcartapp", "product"], "codename": "add_product"}}, {"model": "auth.permission", "pk": 2, "fields": {"name": "Can change товар", "content_type": ["foodcartapp", "product"], "codename": "change_product"}}, {"model": "auth.permission", "pk": 3, "fields": {"name": "Can delete товар", "content_type": ["foodcartapp", "product"], "codename": "delete_product"}}, {"model": "auth.permission", "pk": 4, "fields": {"name": "Can view товар", "content_type": ["foodcartapp", "product"], "codename": "view_product"}}, {"model": "auth.permission", "pk": 5, "fields": {"name": "Can add ресторан", "content_type": ["foodcartapp", "restaurant"], "codename": "add_restaurant"}}, {"model": "auth.permission", "pk": 6, "fields": {"name": "Can change ресторан", "content_type": ["foodcartapp", "restaurant"], "codename": "change_restaurant"}}, {"model": "auth.permission", "pk": 7, "fields": {"name": "Can delete ресторан", "content_type": ["foodcartapp", "restaurant"], "codename": "delete_restaurant"}}, {"model": "auth.permission", "pk": 8, "fields": {"name": "Can view ресторан", "content_type": ["foodcartapp", "restaurant"], "codename": "view_restaurant"}}, {"model": "auth.permission", "pk": 9, "fields": {"name": "Can add пункт меню ресторана", "content_type": ["foodcartapp", "restaurantmenuitem"], "codename": "add_restaurantmenuitem"}}, {"model": "auth.permission", "pk": 10, "fields": {"name": "Can change пункт меню ресторана", "content_type": ["foodcartapp", "restaurantmenuitem"], "codename": "change_restaurantmenuitem"}}, {"model": "auth.permission", "pk": 11, "fields": {"name": "Can delete пункт меню ресторана", "content_type": ["foodcartapp", "restaurantmenuitem"], "codename": "delete_restaurantmenuitem"}}, {"model": "auth.permission", "pk": 12, "fields": {"name": "Can view пункт меню ресторана", "content_type": ["foodcartapp", "restaurantmenuitem"], "codename": "view_restaurantmenuitem"}}, {"model": "auth.permission", "pk": 13, "fields": {"name": "Can add категория", "content_type": ["foodcartapp", "productcategory"], "codename": "add_productcategory"}}, {"model": "auth.permission", "pk": 14, "fields": {"name": "Can change категория", "content_type": ["foodcartapp", "productcategory"], "codename": "change_productcategory"}}, {"model": "auth.permission", "pk": 15, "fields": {"name": "Can delete категория", "content_type": ["foodcartapp", "productcategory"], "codename": "delete_productcategory"}}, {"model": "auth.permission", "pk": 16, "fields": {"name": "Can view категория", "content_type": ["foodcartapp", "productcategory"], "codename": "view_productcategory"}}, {"model": "auth.permission", "pk": 17, "fields": {"name": "Can add Состав заказа", "content_type": ["foodcartapp", "order"], "codename": "add_order"}}, {"model": "auth.permission", "pk": 18, "fields": {"name": "Can change Состав заказа", "content_type": ["foodcartapp", "order"], "codename": "change_order"}}, {"model": "auth.permission", "pk": 19, "fields": {"name": "Can delete Состав заказа", "content_type": ["foodcartapp", "order"], "codename": "delete_order"}}, {"model": "auth.permission", "pk": 20, "fields": {"name": "Can view Состав заказа", "content_type": ["foodcartapp", "order"], "codename": "view_order"}}, {"model": "auth.permission", "pk": 21, "fields": {"name": "Can add Заказ", "content_type": ["foodcartapp", "customer"], "codename": "add_customer"}}, {"model": "auth.permission", "pk": 22, "fields": {"name": "Can change Заказ", "content_type": ["foodcartapp", "customer"], "codename": "change_customer"}}, {"model": "auth.permission", "pk": 23, "fields": {"name": "Can delete Заказ", "content_type": ["foodcartapp", "customer"], "codename": "delete_customer"}}, {"model": "auth.permission", "pk": 24, "fields": {"name": "Can view Заказ", "content_type": ["foodcartapp", "customer"], "codename": "view_customer"}}, {"model": "auth.permission", "pk": 25, "fields": {"name": "Can add log entry", "content_type": ["admin", "logentry"], "codename": "add_logentry"}}, {"model": "auth.permission", "pk": 26, "fields": {"name": "Can change log entry", "content_type": ["admin", "logentry"], "codename": "change_logentry"}}, {"model": "auth.permission", "pk": 27, "fields": {"name": "Can delete log entry", "content_type": ["admin", "logentry"], "codename": "delete_logentry"}}, {"model": "auth.permission", "pk": 28, "fields": {"name": "Can view log entry", "content_type": ["admin", "logentry"], "codename": "view_logentry"}}, {"model": "auth.permission", "pk": 29, "fields": {"name": "Can add permission", "content_type": ["auth", "permission"], "codename": "add_permission"}}, {"model": "auth.permission", "pk": 30, "fields": {"name": "Can change permission", "content_type": ["auth", "permission"], "codename": "change_permission"}}, {"model": "auth.permission", "pk": 31, "fields": {"name": "Can delete permission", "content_type": ["auth", "permission"], "codename": "delete_permission"}}, {"model": "auth.permission", "pk": 32, "fields": {"name": "Can view permission", "content_type": ["auth", "permission"], "codename": "view_permission"}}, {"model": "auth.permission", "pk": 33, "fields": {"name": "Can add group", "content_type": ["auth", "group"], "codename": "add_group"}}, {"model": "auth.permission", "pk": 34, "fields": {"name": "Can change group", "content_type": ["auth", "group"], "codename": "change_group"}}, {"model": "auth.permission", "pk": 35, "fields": {"name": "Can delete group", "content_type": ["auth", "group"], "codename": "delete_group"}}, {"model": "auth.permission", "pk": 36, "fields": {"name": "Can view group", "content_type": ["auth", "group"], "codename": "view_group"}}, {"model": "auth.permission", "pk": 37, "fields": {"name": "Can add user", "content_type": ["auth", "user"], "codename": "add_user"}}, {"model": "auth.permission", "pk": 38, "fields": {"name": "Can change user", "content_type": ["auth", "user"], "codename": "change_user"}}, {"model": "auth.permission", "pk": 39, "fields": {"name": "Can delete user", "content_type": ["auth", "user"], "codename": "delete_user"}}, {"model": "auth.permission", "pk": 40, "fields": {"name": "Can view user", "content_type": ["auth", "user"], "codename": "view_user"}}, {"model": "auth.permission", "pk": 41, "fields": {"name": "Can add content type", "content_type": ["contenttypes", "contenttype"], "codename": "add_contenttype"}}, {"model": "auth.permission", "pk": 42, "fields": {"name": "Can change content type", "content_type": ["contenttypes", "contenttype"], "codename": "change_contenttype"}}, {"model": "auth.permission", "pk": 43, "fields": {"name": "Can delete content type", "content_type": ["contenttypes", "contenttype"], "codename": "delete_contenttype"}}, {"model": "auth.permission", "pk": 44, "fields": {"name": "Can view content type", "content_type": ["contenttypes", "contenttype"], "codename": "view_contenttype"}}, {"model": "auth.permission", "pk": 45, "fields": {"name": "Can add session", "content_type": ["sessions", "session"], "codename": "add_session"}}, {"model": "auth.permission", "pk": 46, "fields": {"name": "Can change session", "content_type": ["sessions", "session"], "codename": "change_session"}}, {"model": "auth.permission", "pk": 47, "fields": {"name": "Can delete session", "content_type": ["sessions", "session"], "codename": "delete_session"}}, {"model": "auth.permission", "pk": 48, "fields": {"name": "Can view session", "content_type": ["sessions", "session"], "codename": "view_session"}}, {"model": "auth.permission", "pk": 49, "fields": {"name": "Can add Состав заказа", "content_type": ["foodcartapp", "orderlist"], "codename": "add_orderlist"}}, {"model": "auth.permission", "pk": 50, "fields": {"name": "Can change Состав заказа", "content_type": ["foodcartapp", "orderlist"], "codename": "change_orderlist"}}, {"model": "auth.permission", "pk": 51, "fields": {"name": "Can delete Состав заказа", "content_type": ["foodcartapp", "orderlist"], "codename": "delete_orderlist"}}, {"model": "auth.permission", "pk": 52, "fields": {"name": "Can view Состав заказа", "content_type": ["foodcartapp", "orderlist"], "codename": "view_orderlist"}}, {"model": "auth.permission", "pk": 53, "fields": {"name": "Can add Адрес", "content_type": ["coordinates", "addresscoordinates"], "codename": "add_addresscoordinates"}}, {"model": "auth.permission", "pk": 54, "fields": {"name": "Can change Адрес", "content_type": ["coordinates", "addresscoordinates"], "codename": "change_addresscoordinates"}}, {"model": "auth.permission", "pk": 55, "fields": {"name": "Can delete Адрес", "content_type": ["coordinates", "addresscoordinates"], "codename": "delete_addresscoordinates"}}, {"model": "auth.permission", "pk": 56, "fields": {"name": "Can view Адрес", "content_type": ["coordinates", "addresscoordinates"], "codename": "view_addresscoordinates"}}, {"model": "auth.user", "pk": 1, "fields": {"password": "pbkdf2_sha256$260000$nr6dCF3CayTv0UDcERtCmf$KvFBW7v+yjk43Rgx6wVF0+8YmtkUA+3WIQZ7pVJec6I=", "last_login": "2023-11-30T18:06:35.262Z", "is_superuser": true, "username": "sm", "first_name": "", "last_name": "", "email": "sm@sm.ru", "is_staff": true, "is_active": true, "date_joined": "2023-09-15T10:00:48.001Z", "groups": [], "user_permissions": []}}, {"model": "admin.logentry", "pk": 1, "fields": {"action_time": "2023-09-15T10:01:08.489Z", "user": ["sm"], "content_type": ["foodcartapp", "productcategory"], "object_id": "1", "object_repr": "Бургер", "action_flag": 1, "change_message": "[{\"added\": {}}]"}}, {"model": "admin.logentry", "pk": 2, "fields": {"action_time": "2023-09-15T10:01:11.560Z", "user": ["sm"], "content_type": ["foodcartapp", "productcategory"], "object_id": "2", "object_repr": "Ролл", "action_flag": 1, "change_message": "[{\"added\": {}}]"}}, {"model": "admin.logentry", "pk": 3, "fields": {"action_time": "2023-09-15T10:01:42.949Z", "user": ["sm"], "content_type": ["foodcartapp", "restaurant"], "object_id": "1", "object_repr": "Star Burger Арбат", "action_flag": 1, "change_message": "[{\"added\": {}}]"}}, {"model": "admin.logentry", "pk": 4, "fields": {"action_time": "2023-09-15T10:02:05.264Z", "user": ["sm"], "content_type": ["foodcartapp", "restaurant"], "object_id": "2", "object_repr": "Star Burger Цветной", "action_flag": 1, "change_message": "[{\"added\": {}}]"}}, {"model": "admin.logentry", "pk": 5, "fields": {"action_time": "2023-09-15T10:02:24.947Z", "user": ["sm"], "content_type": ["foodcartapp", "restaurant"], "object_id": "3", "object_repr": "Star Burger Европейский", "action_flag": 1, "change_message": "[{\"added\": {}}]"}}, {"model": "admin.logentry", "pk": 6, "fields": {"action_time": "2023-09-15T10:03:09.777Z", "user": ["sm"], "content_type": ["foodcartapp", "product"], "object_id": "1", "object_repr": "Стейкхаус", "action_flag": 1, "change_message": "[{\"added\": {}}, {\"added\": {\"name\": \"\\u043f\\u0443\\u043d\\u043a\\u0442 \\u043c\\u0435\\u043d\\u044e \\u0440\\u0435\\u0441\\u0442\\u043e\\u0440\\u0430\\u043d\\u0430\", \"object\": \"Star Burger \\u0410\\u0440\\u0431\\u0430\\u0442 - \\u0421\\u0442\\u0435\\u0439\\u043a\\u0445\\u0430\\u0443\\u0441\"}}, {\"added\": {\"name\": \"\\u043f\\u0443\\u043d\\u043a\\u0442 \\u043c\\u0435\\u043d\\u044e \\u0440\\u0435\\u0441\\u0442\\u043e\\u0440\\u0430\\u043d\\u0430\", \"object\": \"Star Burger \\u0426\\u0432\\u0435\\u0442\\u043d\\u043e\\u0439 - \\u0421\\u0442\\u0435\\u0439\\u043a\\u0445\\u0430\\u0443\\u0441\"}}, {\"added\": {\"name\": \"\\u043f\\u0443\\u043d\\u043a\\u0442 \\u043c\\u0435\\u043d\\u044e \\u0440\\u0435\\u0441\\u0442\\u043e\\u0440\\u0430\\u043d\\u0430\", \"object\": \"Star Burger \\u0415\\u0432\\u0440\\u043e\\u043f\\u0435\\u0439\\u0441\\u043a\\u0438\\u0439 - \\u0421\\u0442\\u0435\\u0439\\u043a\\u0445\\u0430\\u0443\\u0441\"}}]"}}, {"model": "admin.logentry", "pk": 7, "fields": {"action_time": "2023-09-15T10:03:41.955Z", "user": ["sm"], "content_type": ["foodcartapp", "product"], "object_id": "2", "object_repr": "Лонг Чизбургер", "action_flag": 1, "change_message": "[{\"added\": {}}]"}}, {"model": "admin.logentry", "pk": 8, "fields": {"action_time": "2023-09-15T10:49:16.039Z", "user": ["sm"], "content_type": ["foodcartapp", "customer"], "object_id": "8", "object_repr": "Иван Петров - Москва", "action_flag": 3, "change_message": ""}}, {"model": "admin.logentry", "pk": 9, "fields": {"action_time": "2023-09-15T10:49:23.376Z", "user": ["sm"], "content_type": ["foodcartapp", "customer"], "object_id": "7", "object_repr": "Иван Петров - Москва", "action_flag": 3, "change_message": ""}}, {"model": "admin.logentry", "pk": 10, "fields": {"action_time": "2023-09-15T10:49:23.390Z", "user": ["sm"], "content_type": ["foodcartapp", "customer"], "object_id": "6", "object_repr": "Иван Петров - Москва", "action_flag": 3, "change_message": ""}}, {"model": "admin.logentry", "pk": 11, "fields": {"action_time": "2023-09-15T10:49:23.405Z", "user": ["sm"], "content_type": ["foodcartapp", "customer"], "object_id": "5", "object_repr": "Иван Петров - Москва", "action_flag": 3, "change_message": ""}}, {"model": "admin.logentry", "pk": 12, "fields": {"action_time": "2023-09-15T10:49:23.418Z", "user": ["sm"], "content_type": ["foodcartapp", "customer"], "object_id": "4", "object_repr": "Иван Петров - Москва", "action_flag": 3, "change_message": ""}}, {"model": "admin.logentry", "pk": 13, "fields": {"action_time": "2023-09-15T10:49:23.432Z", "user": ["sm"], "content_type": ["foodcartapp", "customer"], "object_id": "3", "object_repr": "Иван Петров - Москва", "action_flag": 3, "change_message": ""}}, {"model": "admin.logentry", "pk": 14, "fields": {"action_time": "2023-09-15T10:49:23.451Z", "user": ["sm"], "content_type": ["foodcartapp", "customer"], "object_id": "2", "object_repr": "Иван Петров - Москва", "action_flag": 3, "change_message": ""}}, {"model": "admin.logentry", "pk": 15, "fields": {"action_time": "2023-09-15T10:49:23.469Z", "user": ["sm"], "content_type": ["foodcartapp", "customer"], "object_id": "1", "object_repr": "Тимур Иванов - Москва, Новый Арбат 10", "action_flag": 3, "change_message": ""}}, {"model": "admin.logentry", "pk": 16, "fields": {"action_time": "2023-09-15T10:51:56.749Z", "user": ["sm"], "content_type": ["foodcartapp", "product"], "object_id": "2", "object_repr": "Лонг Чизбургер", "action_flag": 2, "change_message": "[{\"added\": {\"name\": \"\\u043f\\u0443\\u043d\\u043a\\u0442 \\u043c\\u0435\\u043d\\u044e \\u0440\\u0435\\u0441\\u0442\\u043e\\u0440\\u0430\\u043d\\u0430\", \"object\": \"Star Burger \\u0410\\u0440\\u0431\\u0430\\u0442 - \\u041b\\u043e\\u043d\\u0433 \\u0427\\u0438\\u0437\\u0431\\u0443\\u0440\\u0433\\u0435\\u0440\"}}, {\"added\": {\"name\": \"\\u043f\\u0443\\u043d\\u043a\\u0442 \\u043c\\u0435\\u043d\\u044e \\u0440\\u0435\\u0441\\u0442\\u043e\\u0440\\u0430\\u043d\\u0430\", \"object\": \"Star Burger \\u0426\\u0432\\u0435\\u0442\\u043d\\u043e\\u0439 - \\u041b\\u043e\\u043d\\u0433 \\u0427\\u0438\\u0437\\u0431\\u0443\\u0440\\u0433\\u0435\\u0440\"}}, {\"added\": {\"name\": \"\\u043f\\u0443\\u043d\\u043a\\u0442 \\u043c\\u0435\\u043d\\u044e \\u0440\\u0435\\u0441\\u0442\\u043e\\u0440\\u0430\\u043d\\u0430\", \"object\": \"Star Burger \\u0415\\u0432\\u0440\\u043e\\u043f\\u0435\\u0439\\u0441\\u043a\\u0438\\u0439 - \\u041b\\u043e\\u043d\\u0433 \\u0427\\u0438\\u0437\\u0431\\u0443\\u0440\\u0433\\u0435\\u0440\"}}]"}}, {"model": "admin.logentry", "pk": 17, "fields": {"action_time": "2023-09-15T10:52:42.950Z", "user": ["sm"], "content_type": ["foodcartapp", "product"], "object_id": "3", "object_repr": "Тройной Воппер", "action_flag": 1, "change_message": "[{\"added\": {}}, {\"added\": {\"name\": \"\\u043f\\u0443\\u043d\\u043a\\u0442 \\u043c\\u0435\\u043d\\u044e \\u0440\\u0435\\u0441\\u0442\\u043e\\u0440\\u0430\\u043d\\u0430\", \"object\": \"Star Burger \\u0410\\u0440\\u0431\\u0430\\u0442 - \\u0422\\u0440\\u043e\\u0439\\u043d\\u043e\\u0439 \\u0412\\u043e\\u043f\\u043f\\u0435\\u0440\"}}, {\"added\": {\"name\": \"\\u043f\\u0443\\u043d\\u043a\\u0442 \\u043c\\u0435\\u043d\\u044e \\u0440\\u0435\\u0441\\u0442\\u043e\\u0440\\u0430\\u043d\\u0430\", \"object\": \"Star Burger \\u0426\\u0432\\u0435\\u0442\\u043d\\u043e\\u0439 - \\u0422\\u0440\\u043e\\u0439\\u043d\\u043e\\u0439 \\u0412\\u043e\\u043f\\u043f\\u0435\\u0440\"}}, {\"added\": {\"name\": \"\\u043f\\u0443\\u043d\\u043a\\u0442 \\u043c\\u0435\\u043d\\u044e \\u0440\\u0435\\u0441\\u0442\\u043e\\u0440\\u0430\\u043d\\u0430\", \"object\": \"Star Burger \\u0415\\u0432\\u0440\\u043e\\u043f\\u0435\\u0439\\u0441\\u043a\\u0438\\u0439 - \\u0422\\u0440\\u043e\\u0439\\u043d\\u043e\\u0439 \\u0412\\u043e\\u043f\\u043f\\u0435\\u0440\"}}]"}}, {"model": "admin.logentry", "pk": 18, "fields": {"action_time": "2023-09-15T10:53:27.003Z", "user": ["sm"], "content_type": ["foodcartapp", "product"], "object_id": "4", "object_repr": "Беконайзер", "action_flag": 1, "change_message": "[{\"added\": {}}, {\"added\": {\"name\": \"\\u043f\\u0443\\u043d\\u043a\\u0442 \\u043c\\u0435\\u043d\\u044e \\u0440\\u0435\\u0441\\u0442\\u043e\\u0440\\u0430\\u043d\\u0430\", \"object\": \"Star Burger \\u0410\\u0440\\u0431\\u0430\\u0442 - \\u0411\\u0435\\u043a\\u043e\\u043d\\u0430\\u0439\\u0437\\u0435\\u0440\"}}, {\"added\": {\"name\": \"\\u043f\\u0443\\u043d\\u043a\\u0442 \\u043c\\u0435\\u043d\\u044e \\u0440\\u0435\\u0441\\u0442\\u043e\\u0440\\u0430\\u043d\\u0430\", \"object\": \"Star Burger \\u0426\\u0432\\u0435\\u0442\\u043d\\u043e\\u0439 - \\u0411\\u0435\\u043a\\u043e\\u043d\\u0430\\u0439\\u0437\\u0435\\u0440\"}}, {\"added\": {\"name\": \"\\u043f\\u0443\\u043d\\u043a\\u0442 \\u043c\\u0435\\u043d\\u044e \\u0440\\u0435\\u0441\\u0442\\u043e\\u0440\\u0430\\u043d\\u0430\", \"object\": \"Star Burger \\u0415\\u0432\\u0440\\u043e\\u043f\\u0435\\u0439\\u0441\\u043a\\u0438\\u0439 - \\u0411\\u0435\\u043a\\u043e\\u043d\\u0430\\u0439\\u0437\\u0435\\u0440\"}}]"}}, {"model": "admin.logentry", "pk": 19, "fields": {"action_time": "2023-09-15T10:54:04.994Z", "user": ["sm"], "content_type": ["foodcartapp", "product"], "object_id": "5", "object_repr": "Фиш Ролл", "action_flag": 1, "change_message": "[{\"added\": {}}, {\"added\": {\"name\": \"\\u043f\\u0443\\u043d\\u043a\\u0442 \\u043c\\u0435\\u043d\\u044e \\u0440\\u0435\\u0441\\u0442\\u043e\\u0440\\u0430\\u043d\\u0430\", \"object\": \"Star Burger \\u0410\\u0440\\u0431\\u0430\\u0442 - \\u0424\\u0438\\u0448 \\u0420\\u043e\\u043b\\u043b\"}}, {\"added\": {\"name\": \"\\u043f\\u0443\\u043d\\u043a\\u0442 \\u043c\\u0435\\u043d\\u044e \\u0440\\u0435\\u0441\\u0442\\u043e\\u0440\\u0430\\u043d\\u0430\", \"object\": \"Star Burger \\u0426\\u0432\\u0435\\u0442\\u043d\\u043e\\u0439 - \\u0424\\u0438\\u0448 \\u0420\\u043e\\u043b\\u043b\"}}, {\"added\": {\"name\": \"\\u043f\\u0443\\u043d\\u043a\\u0442 \\u043c\\u0435\\u043d\\u044e \\u0440\\u0435\\u0441\\u0442\\u043e\\u0440\\u0430\\u043d\\u0430\", \"object\": \"Star Burger \\u0415\\u0432\\u0440\\u043e\\u043f\\u0435\\u0439\\u0441\\u043a\\u0438\\u0439 - \\u0424\\u0438\\u0448 \\u0420\\u043e\\u043b\\u043b\"}}]"}}, {"model": "admin.logentry", "pk": 20, "fields": {"action_time": "2023-09-15T10:54:42.952Z", "user": ["sm"], "content_type": ["foodcartapp", "product"], "object_id": "6", "object_repr": "Шримп Ролл", "action_flag": 1, "change_message": "[{\"added\": {}}, {\"added\": {\"name\": \"\\u043f\\u0443\\u043d\\u043a\\u0442 \\u043c\\u0435\\u043d\\u044e \\u0440\\u0435\\u0441\\u0442\\u043e\\u0440\\u0430\\u043d\\u0430\", \"object\": \"Star Burger \\u0410\\u0440\\u0431\\u0430\\u0442 - \\u0428\\u0440\\u0438\\u043c\\u043f \\u0420\\u043e\\u043b\\u043b\"}}, {\"added\": {\"name\": \"\\u043f\\u0443\\u043d\\u043a\\u0442 \\u043c\\u0435\\u043d\\u044e \\u0440\\u0435\\u0441\\u0442\\u043e\\u0440\\u0430\\u043d\\u0430\", \"object\": \"Star Burger \\u0426\\u0432\\u0435\\u0442\\u043d\\u043e\\u0439 - \\u0428\\u0440\\u0438\\u043c\\u043f \\u0420\\u043e\\u043b\\u043b\"}}, {\"added\": {\"name\": \"\\u043f\\u0443\\u043d\\u043a\\u0442 \\u043c\\u0435\\u043d\\u044e \\u0440\\u0435\\u0441\\u0442\\u043e\\u0440\\u0430\\u043d\\u0430\", \"object\": \"Star Burger \\u0415\\u0432\\u0440\\u043e\\u043f\\u0435\\u0439\\u0441\\u043a\\u0438\\u0439 - \\u0428\\u0440\\u0438\\u043c\\u043f \\u0420\\u043e\\u043b\\u043b\"}}]"}}, {"model": "admin.logentry", "pk": 21, "fields": {"action_time": "2023-09-19T05:42:55.884Z", "user": ["sm"], "content_type": ["foodcartapp", "customer"], "object_id": "25", "object_repr": "Василий Васильевич - Лондон", "action_flag": 3, "change_message": ""}}, {"model": "admin.logentry", "pk": 22, "fields": {"action_time": "2023-09-19T05:42:55.901Z", "user": ["sm"], "content_type": ["foodcartapp", "customer"], "object_id": "24", "object_repr": "Василий Васильевич - Лондон", "action_flag": 3, "change_message": ""}}, {"model": "admin.logentry", "pk": 23, "fields": {"action_time": "2023-09-19T05:42:55.912Z", "user": ["sm"], "content_type": ["foodcartapp", "customer"], "object_id": "23", "object_repr": "Василий Васильевич - Лондон", "action_flag": 3, "change_message": ""}}, {"model": "admin.logentry", "pk": 24, "fields": {"action_time": "2023-09-19T05:42:55.951Z", "user": ["sm"], "content_type": ["foodcartapp", "customer"], "object_id": "22", "object_repr": "Василий Васильевич - Лондон", "action_flag": 3, "change_message": ""}}, {"model": "admin.logentry", "pk": 25, "fields": {"action_time": "2023-09-19T05:42:55.968Z", "user": ["sm"], "content_type": ["foodcartapp", "customer"], "object_id": "21", "object_repr": "Василий Васильевич - Лондон", "action_flag": 3, "change_message": ""}}, {"model": "admin.logentry", "pk": 26, "fields": {"action_time": "2023-09-19T05:42:55.984Z", "user": ["sm"], "content_type": ["foodcartapp", "customer"], "object_id": "20", "object_repr": "Василий Васильевич - Лондон", "action_flag": 3, "change_message": ""}}, {"model": "admin.logentry", "pk": 27, "fields": {"action_time": "2023-09-19T05:42:56.004Z", "user": ["sm"], "content_type": ["foodcartapp", "customer"], "object_id": "19", "object_repr": "Василий Васильевич - Лондон", "action_flag": 3, "change_message": ""}}, {"model": "admin.logentry", "pk": 28, "fields": {"action_time": "2023-09-19T05:42:56.021Z", "user": ["sm"], "content_type": ["foodcartapp", "customer"], "object_id": "18", "object_repr": "Василий Васильевич - Лондон", "action_flag": 3, "change_message": ""}}, {"model": "admin.logentry", "pk": 29, "fields": {"action_time": "2023-09-19T05:42:56.038Z", "user": ["sm"], "content_type": ["foodcartapp", "customer"], "object_id": "17", "object_repr": "Василий Васильевич - Лондон", "action_flag": 3, "change_message": ""}}, {"model": "admin.logentry", "pk": 30, "fields": {"action_time": "2023-09-19T05:42:56.055Z", "user": ["sm"], "content_type": ["foodcartapp", "customer"], "object_id": "16", "object_repr": "Василий Васильевич - Лондон", "action_flag": 3, "change_message": ""}}, {"model": "admin.logentry", "pk": 31, "fields": {"action_time": "2023-09-19T05:42:56.072Z", "user": ["sm"], "content_type": ["foodcartapp", "customer"], "object_id": "15", "object_repr": "Василий Васильевич - Лондон", "action_flag": 3, "change_message": ""}}, {"model": "admin.logentry", "pk": 32, "fields": {"action_time": "2023-09-19T05:42:56.091Z", "user": ["sm"], "content_type": ["foodcartapp", "customer"], "object_id": "14", "object_repr": "Василий Васильевич - Лондон", "action_flag": 3, "change_message": ""}}, {"model": "admin.logentry", "pk": 33, "fields": {"action_time": "2023-09-19T05:42:56.111Z", "user": ["sm"], "content_type": ["foodcartapp", "customer"], "object_id": "13", "object_repr": "Василий Васильевич - Лондон", "action_flag": 3, "change_message": ""}}, {"model": "admin.logentry", "pk": 34, "fields": {"action_time": "2023-09-19T05:42:56.128Z", "user": ["sm"], "content_type": ["foodcartapp", "customer"], "object_id": "12", "object_repr": "Сергей Марков - Союзная улица, 5А - 24", "action_flag": 3, "change_message": ""}}, {"model": "admin.logentry", "pk": 35, "fields": {"action_time": "2023-09-19T05:42:56.145Z", "user": ["sm"], "content_type": ["foodcartapp", "customer"], "object_id": "11", "object_repr": "Василий Васильевич - Лондон", "action_flag": 3, "change_message": ""}}, {"model": "admin.logentry", "pk": 36, "fields": {"action_time": "2023-09-19T05:42:56.162Z", "user": ["sm"], "content_type": ["foodcartapp", "customer"], "object_id": "10", "object_repr": "Сергей Марков - Союзная улица, 5А - 24", "action_flag": 3, "change_message": ""}}, {"model": "admin.logentry", "pk": 37, "fields": {"action_time": "2023-09-19T05:42:56.177Z", "user": ["sm"], "content_type": ["foodcartapp", "customer"], "object_id": "9", "object_repr": "Иван Петров - Москва", "action_flag": 3, "change_message": ""}}, {"model": "admin.logentry", "pk": 38, "fields": {"action_time": "2023-09-19T05:43:55.141Z", "user": ["sm"], "content_type": ["foodcartapp", "customer"], "object_id": "26", "object_repr": "Василий Васильевич - Лондон", "action_flag": 3, "change_message": ""}}, {"model": "admin.logentry", "pk": 39, "fields": {"action_time": "2023-09-19T10:08:27.905Z", "user": ["sm"], "content_type": ["foodcartapp", "customer"], "object_id": "27", "object_repr": "Василий Васильевич - Лондон", "action_flag": 3, "change_message": ""}}, {"model": "admin.logentry", "pk": 40, "fields": {"action_time": "2023-09-19T10:08:45.355Z", "user": ["sm"], "content_type": ["foodcartapp", "customer"], "object_id": "28", "object_repr": "Василий Васильевич - Лондон", "action_flag": 2, "change_message": "[{\"changed\": {\"name\": \"\\u0421\\u043e\\u0441\\u0442\\u0430\\u0432 \\u0437\\u0430\\u043a\\u0430\\u0437\\u0430\", \"object\": \"Order object (23)\", \"fields\": [\"\\u0422\\u043e\\u0432\\u0430\\u0440\", \"\\u041a\\u043e\\u043b\\u0438\\u0447\\u0435\\u0441\\u0442\\u0432\\u043e\"]}}]"}}, {"model": "admin.logentry", "pk": 41, "fields": {"action_time": "2023-09-19T10:11:21.086Z", "user": ["sm"], "content_type": ["foodcartapp", "customer"], "object_id": "29", "object_repr": "Сергей Марков - Союзная улица, 5А - 24", "action_flag": 2, "change_message": "[]"}}, {"model": "admin.logentry", "pk": 42, "fields": {"action_time": "2023-09-19T10:11:35.029Z", "user": ["sm"], "content_type": ["foodcartapp", "customer"], "object_id": "30", "object_repr": "Вася Иванов - Жопа Мира", "action_flag": 2, "change_message": "[]"}}, {"model": "admin.logentry", "pk": 43, "fields": {"action_time": "2023-09-19T10:11:45.780Z", "user": ["sm"], "content_type": ["foodcartapp", "customer"], "object_id": "29", "object_repr": "Сергей Марков - Союзная улица, 5А - 24", "action_flag": 2, "change_message": "[]"}}, {"model": "admin.logentry", "pk": 44, "fields": {"action_time": "2023-09-19T10:11:50.240Z", "user": ["sm"], "content_type": ["foodcartapp", "customer"], "object_id": "28", "object_repr": "Василий Васильевич - Лондон", "action_flag": 2, "change_message": "[]"}}, {"model": "admin.logentry", "pk": 45, "fields": {"action_time": "2023-09-19T10:49:54.753Z", "user": ["sm"], "content_type": ["foodcartapp", "customer"], "object_id": "34", "object_repr": "test test - test", "action_flag": 3, "change_message": ""}}, {"model": "admin.logentry", "pk": 46, "fields": {"action_time": "2023-09-19T10:49:54.794Z", "user": ["sm"], "content_type": ["foodcartapp", "customer"], "object_id": "33", "object_repr": "test test - test", "action_flag": 3, "change_message": ""}}, {"model": "admin.logentry", "pk": 47, "fields": {"action_time": "2023-09-19T10:49:54.809Z", "user": ["sm"], "content_type": ["foodcartapp", "customer"], "object_id": "32", "object_repr": "test test - test", "action_flag": 3, "change_message": ""}}, {"model": "admin.logentry", "pk": 48, "fields": {"action_time": "2023-10-16T15:45:49.981Z", "user": ["sm"], "content_type": ["foodcartapp", "customer"], "object_id": "38", "object_repr": "Сергей Марков - Союзная улица, 5А - 24", "action_flag": 2, "change_message": "[]"}}, {"model": "admin.logentry", "pk": 49, "fields": {"action_time": "2023-10-16T16:34:51.236Z", "user": ["sm"], "content_type": ["foodcartapp", "customer"], "object_id": "39", "object_repr": "Сергей Марков - Союзная улица, 5А - 24", "action_flag": 3, "change_message": ""}}, {"model": "admin.logentry", "pk": 50, "fields": {"action_time": "2023-10-16T16:34:51.261Z", "user": ["sm"], "content_type": ["foodcartapp", "customer"], "object_id": "38", "object_repr": "Сергей Марков - Союзная улица, 5А - 24", "action_flag": 3, "change_message": ""}}, {"model": "admin.logentry", "pk": 51, "fields": {"action_time": "2023-11-04T04:22:35.934Z", "user": ["sm"], "content_type": ["foodcartapp", "order"], "object_id": "45", "object_repr": "  - ", "action_flag": 3, "change_message": ""}}, {"model": "admin.logentry", "pk": 52, "fields": {"action_time": "2023-11-04T04:22:35.954Z", "user": ["sm"], "content_type": ["foodcartapp", "order"], "object_id": "44", "object_repr": "  - ", "action_flag": 3, "change_message": ""}}, {"model": "admin.logentry", "pk": 53, "fields": {"action_time": "2023-11-04T04:22:35.967Z", "user": ["sm"], "content_type": ["foodcartapp", "order"], "object_id": "38", "object_repr": "  - ", "action_flag": 3, "change_message": ""}}, {"model": "admin.logentry", "pk": 54, "fields": {"action_time": "2023-11-04T04:22:35.981Z", "user": ["sm"], "content_type": ["foodcartapp", "order"], "object_id": "37", "object_repr": "  - ", "action_flag": 3, "change_message": ""}}, {"model": "admin.logentry", "pk": 55, "fields": {"action_time": "2023-11-04T04:22:35.994Z", "user": ["sm"], "content_type": ["foodcartapp", "order"], "object_id": "36", "object_repr": "  - ", "action_flag": 3, "change_message": ""}}, {"model": "admin.logentry", "pk": 56, "fields": {"action_time": "2023-11-04T04:22:36.009Z", "user": ["sm"], "content_type": ["foodcartapp", "order"], "object_id": "35", "object_repr": "  - ", "action_flag": 3, "change_message": ""}}, {"model": "admin.logentry", "pk": 57, "fields": {"action_time": "2023-11-04T04:22:36.030Z", "user": ["sm"], "content_type": ["foodcartapp", "order"], "object_id": "34", "object_repr": "  - ", "action_flag": 3, "change_message": ""}}, {"model": "admin.logentry", "pk": 58, "fields": {"action_time": "2023-11-04T04:22:36.042Z", "user": ["sm"], "content_type": ["foodcartapp", "order"], "object_id": "33", "object_repr": "  - ", "action_flag": 3, "change_message": ""}}, {"model": "admin.logentry", "pk": 59, "fields": {"action_time": "2023-11-04T04:22:36.054Z", "user": ["sm"], "content_type": ["foodcartapp", "order"], "object_id": "32", "object_repr": "  - ", "action_flag": 3, "change_message": ""}}, {"model": "admin.logentry", "pk": 60, "fields": {"action_time": "2023-11-04T04:22:36.069Z", "user": ["sm"], "content_type": ["foodcartapp", "order"], "object_id": "29", "object_repr": "  - ", "action_flag": 3, "change_message": ""}}, {"model": "admin.logentry", "pk": 61, "fields": {"action_time": "2023-11-04T04:22:36.078Z", "user": ["sm"], "content_type": ["foodcartapp", "order"], "object_id": "28", "object_repr": "  - ", "action_flag": 3, "change_message": ""}}, {"model": "admin.logentry", "pk": 62, "fields": {"action_time": "2023-11-04T04:22:36.093Z", "user": ["sm"], "content_type": ["foodcartapp", "order"], "object_id": "27", "object_repr": "  - ", "action_flag": 3, "change_message": ""}}, {"model": "admin.logentry", "pk": 63, "fields": {"action_time": "2023-11-04T04:22:36.112Z", "user": ["sm"], "content_type": ["foodcartapp", "order"], "object_id": "26", "object_repr": "  - ", "action_flag": 3, "change_message": ""}}, {"model": "admin.logentry", "pk": 64, "fields": {"action_time": "2023-11-04T04:22:36.125Z", "user": ["sm"], "content_type": ["foodcartapp", "order"], "object_id": "25", "object_repr": "  - ", "action_flag": 3, "change_message": ""}}, {"model": "admin.logentry", "pk": 65, "fields": {"action_time": "2023-11-04T04:22:36.136Z", "user": ["sm"], "content_type": ["foodcartapp", "order"], "object_id": "24", "object_repr": "  - ", "action_flag": 3, "change_message": ""}}, {"model": "admin.logentry", "pk": 66, "fields": {"action_time": "2023-11-04T04:22:36.146Z", "user": ["sm"], "content_type": ["foodcartapp", "order"], "object_id": "23", "object_repr": "  - ", "action_flag": 3, "change_message": ""}}, {"model": "admin.logentry", "pk": 67, "fields": {"action_time": "2023-11-04T04:22:36.158Z", "user": ["sm"], "content_type": ["foodcartapp", "order"], "object_id": "22", "object_repr": "  - ", "action_flag": 3, "change_message": ""}}, {"model": "admin.logentry", "pk": 68, "fields": {"action_time": "2023-11-07T06:08:00.643Z", "user": ["sm"], "content_type": ["coordinates", "addresscoordinates"], "object_id": "1", "object_repr": "Лондон", "action_flag": 2, "change_message": "[]"}}, {"model": "admin.logentry", "pk": 69, "fields": {"action_time": "2023-11-07T06:10:27.387Z", "user": ["sm"], "content_type": ["foodcartapp", "order"], "object_id": "1", "object_repr": "Василий Васильевич - Лондон", "action_flag": 2, "change_message": "[]"}}, {"model": "admin.logentry", "pk": 70, "fields": {"action_time": "2023-11-07T06:26:38.693Z", "user": ["sm"], "content_type": ["foodcartapp", "order"], "object_id": "3", "object_repr": "S M - Izhevsk", "action_flag": 2, "change_message": "[{\"added\": {\"name\": \"\\u0421\\u043e\\u0441\\u0442\\u0430\\u0432 \\u0437\\u0430\\u043a\\u0430\\u0437\\u0430\", \"object\": \"OrderList object (3)\"}}]"}}, {"model": "admin.logentry", "pk": 71, "fields": {"action_time": "2023-11-08T11:55:48.741Z", "user": ["sm"], "content_type": ["foodcartapp", "order"], "object_id": "4", "object_repr": "Сергей Марков - Казань, Баумана", "action_flag": 2, "change_message": "[]"}}, {"model": "admin.logentry", "pk": 72, "fields": {"action_time": "2023-11-08T11:56:10.601Z", "user": ["sm"], "content_type": ["foodcartapp", "order"], "object_id": "4", "object_repr": "Сергей Марков - Казань, Баумана", "action_flag": 2, "change_message": "[{\"changed\": {\"name\": \"\\u0421\\u043e\\u0441\\u0442\\u0430\\u0432 \\u0437\\u0430\\u043a\\u0430\\u0437\\u0430\", \"object\": \"OrderList object (4)\", \"fields\": [\"\\u041a\\u043e\\u043b\\u0438\\u0447\\u0435\\u0441\\u0442\\u0432\\u043e\", \"\\u0421\\u0442\\u043e\\u0438\\u043c\\u043e\\u0441\\u0442\\u044c\"]}}]"}}, {"model": "admin.logentry", "pk": 73, "fields": {"action_time": "2023-11-08T12:01:31.330Z", "user": ["sm"], "content_type": ["foodcartapp", "order"], "object_id": "4", "object_repr": "Сергей Марков - Казань, Баумана", "action_flag": 2, "change_message": "[]"}}, {"model": "admin.logentry", "pk": 74, "fields": {"action_time": "2023-11-08T12:01:36.113Z", "user": ["sm"], "content_type": ["foodcartapp", "order"], "object_id": "2", "object_repr": "Vasya True - 1", "action_flag": 2, "change_message": "[]"}}, {"model": "admin.logentry", "pk": 75, "fields": {"action_time": "2023-11-08T12:01:40.072Z", "user": ["sm"], "content_type": ["foodcartapp", "order"], "object_id": "3", "object_repr": "S M - Izhevsk", "action_flag": 2, "change_message": "[]"}}]